x_mm,theta_deg,receiving_guide_y_mm,receiving_guide_surface_z_mm,paddle_contact_y_mm,paddle_contact_z_mm,lift_return_guide_y_mm,lift_return_guide_contact_z_mm,branch
706.0,58.0016,-51.003185210511106,48.69016331846284,-111.3521448747384,73.91112336027784,,,
718.0,59.8854,-41.18933907243567,49.35291760111534,-102.3363827722896,72.67503819439068,,,
730.0,63.9871,-19.803754726854667,51.04840207475934,-82.47002637134584,70.15170095337683,,,
742.0,65.0151,-14.46097050073788,51.52459071015302,-77.46037138170222,69.5543409559367,,,
754.0,68.0572,-1.9242678209096908,52.467953667367794,-65.79595189363475,67.28814523665426,,,
766.0,74.9428,26.288482091446994,55.301202444577086,-38.92091838531601,62.716759896429295,,,
778.0,77.9849,38.63480780124202,56.85768008969822,-26.88046933153879,60.96135222713962,,,
790.0,79.1358,42.76166580971105,57.33896223419188,-22.823424581538088,60.186146934764636,,,
802.0,86.3712,5.822393705611205,55.885199623367214,2.822393705611205,55.885199623367214,,,
814.0,97.9528,47.03619814331002,51.245140039992165,24.9428941185789,187.917908876433,,,
826.0,107.2248,79.55732534098328,49.65466412189846,35.69255743057413,181.46540246907713,,,
838.0,109.9887,89.08194003046938,49.5585770419402,38.90873646795465,179.24546483577058,,,
850.0,115.0646,101.96469670300837,43.432045558261024,40.50239888619518,168.43668440809827,,,
862.0,135.5729,148.81473813717835,24.604625668213345,47.26318767692048,121.20479079167079,,,
874.0,144.9922,166.6569763684961,19.03343913996231,50.62477092633233,98.20237580631195,,,
886.0,148.421,171.28852142461818,16.276628175990794,50.72370938890941,88.54359830071975,,,
898.0,163.2289,186.59628074559643,6.8049066551340545,51.46608819248465,46.62465321230847,,,
910.0,177.3256,193.55388249070737,0.8640149945653732,52.7041889692525,7.303114003041848,,,
922.0,180.0,194.0,-7.105427357601002e-15,53.0,7.105427357601002e-15,,,
-76.0,0.0,,,,,-183.56451612903226,59.0,COMMON
-64.0,0.0,,,,,-183.56451612903226,59.0,COMMON
-52.0,0.0,,,,,-183.56451612903226,59.0,COMMON
-40.0,0.0,,,,,-183.56451612903226,59.0,COMMON
-28.0,0.0,,,,,-183.56451612903226,59.0,COMMON
-16.0,0.0,,,,,-183.56451612903226,59.0,COMMON
-4.0,0.0,,,,,-183.56451612903226,59.0,COMMON
8.0,0.001,,,,,-183.5645048107798,58.99980331917892,COMMON
20.0,0.0151,,,,,-183.563692999922,58.997729211824755,COMMON
32.0,0.0602,,,,,-183.5612975477426,58.99094462931552,COMMON
44.0,0.152,,,,,-183.5560559805602,58.97710684649837,COMMON
56.0,0.3042,,,,,-183.54670922917575,58.953778062604336,COMMON
68.0,0.5285,,,,,-183.5313694596868,58.918574249432325,COMMON
80.0,0.8347,,,,,-183.5071373296714,58.868998182617474,COMMON
92.0,1.2307,,,,,-183.4703868071224,58.80250433178626,COMMON
104.0,1.7228,,,,,-183.41621535047867,58.71581959480018,COMMON
116.0,2.3155,,,,,-183.33829210536814,58.60578767265595,COMMON
128.0,3.0118,,,,,-183.22927577447794,58.468533710221344,COMMON
140.0,3.8134,,,,,-183.08031350112063,58.29976835523433,COMMON
152.0,4.7202,,,,,-182.88159173466443,58.095170804557014,COMMON
164.0,5.7313,,,,,-182.62224638994292,57.84975225720359,COMMON
176.0,6.8441,,,,,-182.29084069718465,57.558963642569175,COMMON
188.0,8.0553,,,,,-181.87561608262587,57.217767840373355,COMMON
200.0,9.3603,,,,,-181.36477122888658,56.8214898343746,COMMON
212.0,10.7536,,,,,-180.74703387061908,56.36582025037367,COMMON
224.0,12.2288,,,,,-180.01190625615843,55.84720080382885,COMMON
236.0,13.7788,,,,,-179.15017406255652,55.26233650052475,COMMON
248.0,15.3958,,,,,-178.15446186890745,54.60903523374545,COMMON
260.0,17.0713,,,,,-177.01929869149302,53.88632136037699,COMMON
272.0,18.7964,,,,,-175.74141068398825,53.09403297420414,COMMON
284.0,20.5617,,,,,-174.3206244651538,52.23590169008949,COMMON
296.0,22.3574,,,,,-172.75898040191856,51.474948166815864,COMMON
308.0,24.1736,,,,,-171.06209420901024,51.16839360674989,COMMON
320.0,26.0,,,,,-169.23787099425158,51.56652773185461,COMMON
332.0,27.8264,,,,,-167.29766283748538,52.77993076040386,COMMON
344.0,29.6426,,,,,-165.25517210088117,54.79026708206922,COMMON
356.0,31.4383,,,,,-163.12684731401785,57.473479424386795,COMMON
368.0,33.2036,,,,,-160.93102357144068,60.63122520190383,COMMON
380.0,34.9287,,,,,-158.68794479500949,64.02675718383009,COMMON
392.0,36.6042,,,,,-156.41943917036662,67.41906054885807,COMMON
404.0,38.2212,,,,,-154.14778077841183,70.59197829699758,COMMON
416.0,39.7712,,,,,-151.8961985544813,73.37601713191792,COMMON
428.0,41.2464,,,,,-149.6873330705187,75.66028681745357,COMMON
440.0,42.6397,,,,,-147.54347510458166,77.3948486267627,COMMON
452.0,43.9447,,,,,-145.48591761340342,78.5857882597189,COMMON
464.0,45.1559,,,,,-143.53412476364213,79.28377038923078,COMMON
476.0,46.2687,,,,,-141.70589987084722,79.569955709922,COMMON
488.0,47.2798,,,,,-140.01656460149428,79.54015692767858,COMMON
500.0,48.1866,,,,,-138.47889176078246,79.29237874012894,COMMON
512.0,48.9882,,,,,-137.10221060047417,78.91547248497692,COMMON
524.0,49.6845,,,,,-135.8932861825861,78.4831040617965,COMMON
536.0,50.2772,,,,,-134.8547638980391,78.05049452378054,COMMON
548.0,50.7693,,,,,-133.98610731052685,77.65487751488538,COMMON
560.0,51.1653,,,,,-133.282874314742,77.31801806814639,COMMON
572.0,51.4715,,,,,-132.73645610173793,77.04919570350403,COMMON
584.0,51.6958,,,,,-132.33485984137877,76.84912666741154,COMMON
596.0,51.848,,,,,-132.061608961373,76.71229458709111,COMMON
608.0,51.9398,,,,,-131.89655269721527,76.62950048864364,COMMON
620.0,51.9849,,,,,-131.81542611177113,76.58868638064962,COMMON
632.0,51.999,,,,,-131.78997437122825,76.57596713155863,COMMON
646.0,51.9967,,,,,-131.79415116199698,76.57504742439416,RETURN
658.0,51.9151,,,,,-131.94097808609257,76.57503005552067,RETURN
670.0,51.6295,,,,,-132.4535940650451,76.57435418431504,RETURN
682.0,51.0436,,,,,-133.4993774826429,76.5705509849671,RETURN
694.0,50.091,,,,,-135.18194824703374,76.55766532416638,RETURN
706.0,48.7327,,,,,-137.54272897314104,76.52425816970015,RETURN
718.0,46.9542,,,,,-140.56348903942643,76.45279937888002,RETURN
730.0,44.7628,,,,,-144.17188589619963,76.31948026467235,RETURN
742.0,42.1848,,,,,-148.24949820659276,76.09519688085935,RETURN
754.0,39.2625,,,,,-152.64307065002032,75.74791114970589,RETURN
766.0,36.0517,,,,,-157.17709146794004,75.24556859614788,RETURN
778.0,32.6191,,,,,-161.6691679369163,74.5600252504024,RETURN
790.0,29.0389,,,,,-165.9464878296422,73.67268632636923,RETURN
802.0,25.3907,,,,,-169.85949816517123,72.57776112379982,RETURN
814.0,21.7561,,,,,-173.29494923315707,71.287091379981,RETURN
826.0,18.2165,,,,,-176.18334162450577,69.83054882886549,RETURN
838.0,14.8499,,,,,-178.50165416523083,68.2564741940117,RETURN
850.0,11.7284,,,,,-180.2705721608554,66.62793031070169,RETURN
862.0,8.9152,,,,,-181.54640301525808,65.01791317749593,RETURN
874.0,6.4621,,,,,-182.41007976061857,63.50194317597173,RETURN
886.0,4.4063,,,,,-182.95406317025532,62.15022084164049,RETURN
898.0,2.7681,,,,,-183.2696363631483,61.01949713949972,RETURN
910.0,1.5478,,,,,-183.4366053551904,60.14609317738754,RETURN
922.0,0.723,,,,,-183.51637243370334,59.5407965872581,RETURN
934.0,0.246,,,,,-183.55040207257179,59.185060392762765,RETURN
946.0,0.0407,,,,,-183.56228860083567,59.03078820390731,RETURN
958.0,0.0001,,,,,-183.5644649981469,59.00008033230171,RETURN
