x_mm,branch,theta_deg,center_y_mm,center_z_mm,clearance_mm
-160.0,COMMON,0.0,-115.0,31.0,3.0
-148.0,COMMON,0.0,-115.0,31.0,3.0
-136.0,COMMON,0.0,-115.0,31.0,3.0
-124.0,COMMON,0.0,-115.0,31.0,3.0
-112.0,COMMON,0.0,-115.0,31.0,3.0
-100.0,COMMON,0.0,-115.0,31.0,3.0
-88.0,COMMON,0.0,-115.0,31.0,3.0
-76.0,COMMON,0.0,-115.0,31.0,3.0
-64.0,COMMON,0.0,-115.0,31.0,3.0
-52.0,COMMON,0.0,-115.0,31.0,3.0
-40.0,COMMON,0.0,-115.0,31.0,3.0
-28.0,COMMON,0.0,-115.0,31.0,3.0
-16.0,COMMON,0.0,-115.0,31.0,3.0
-4.0,COMMON,0.0,-115.0,31.0,3.0
8.0,COMMON,0.001,-114.9995,31.001,3.0
20.0,COMMON,0.0151,-114.9918,31.0158,3.0
32.0,COMMON,0.0602,-114.9674,31.063,3.0
44.0,COMMON,0.152,-114.9175,31.1591,3.0
56.0,COMMON,0.3042,-114.8345,31.3182,3.0
68.0,COMMON,0.5285,-114.7115,31.5522,3.0
80.0,COMMON,0.8347,-114.542,31.8708,3.0
92.0,COMMON,1.2307,-114.3203,32.2816,3.0
104.0,COMMON,1.7228,-114.0409,32.7898,3.0
116.0,COMMON,2.3155,-113.6985,33.3988,3.0
128.0,COMMON,3.0118,-113.2883,34.1097,3.0
140.0,COMMON,3.8134,-112.8054,34.9218,3.0
152.0,COMMON,4.7202,-112.2455,35.8323,3.0
164.0,COMMON,5.7313,-111.6043,36.8368,3.0
176.0,COMMON,6.8441,-110.8782,37.9292,3.0
188.0,COMMON,8.0553,-110.064,39.1019,3.0
200.0,COMMON,9.3603,-109.1592,40.3458,3.0
212.0,COMMON,10.7536,-108.1622,41.6507,3.0
224.0,COMMON,12.2288,-107.0723,43.0056,3.0
236.0,COMMON,13.7788,-105.8899,44.3984,3.0
248.0,COMMON,15.3958,-104.6168,45.8167,3.0
260.0,COMMON,17.0713,-103.256,47.2479,3.0
272.0,COMMON,18.7964,-101.8117,48.6792,3.0
284.0,COMMON,20.5617,-100.29,50.1006,3.0
296.0,COMMON,22.3574,-98.6978,51.6605,3.0
308.0,COMMON,24.1736,-97.044,53.7011,3.0
320.0,COMMON,26.0,-95.3381,56.457,3.0
332.0,COMMON,27.8264,-93.5913,60.0232,3.0
344.0,COMMON,29.6426,-91.8154,64.3659,3.0
356.0,COMMON,31.4383,-90.0232,69.3457,3.0
368.0,COMMON,33.2036,-88.2278,74.7498,3.0
380.0,COMMON,34.9287,-86.4427,80.3276,3.0
392.0,COMMON,36.6042,-84.6817,85.8253,3.0
404.0,COMMON,38.2212,-82.958,91.0152,3.0
416.0,COMMON,39.7712,-81.2849,95.7174,3.0
428.0,COMMON,41.2464,-79.6746,99.8121,3.0
440.0,COMMON,42.6397,-78.1387,103.2419,3.0
452.0,COMMON,43.9447,-76.6878,106.0068,3.0
464.0,COMMON,45.1559,-75.331,108.1529,3.0
476.0,COMMON,46.2687,-74.0763,109.7582,3.0
488.0,COMMON,47.2798,-72.9302,110.9171,3.0
500.0,COMMON,48.1866,-71.8975,111.7271,3.0
512.0,COMMON,48.9882,-70.9811,112.2785,3.0
524.0,COMMON,49.6845,-70.1825,112.6472,3.0
536.0,COMMON,50.2772,-69.5009,112.8925,3.0
548.0,COMMON,50.7693,-68.9339,113.0569,3.0
560.0,COMMON,51.1653,-68.4769,113.1688,3.0
572.0,COMMON,51.4715,-68.123,113.2458,3.0
584.0,COMMON,51.6958,-67.8636,113.2984,3.0
596.0,COMMON,51.848,-67.6874,113.3327,3.0
608.0,COMMON,51.9398,-67.5811,113.353,3.0
620.0,COMMON,51.9849,-67.5289,113.3628,3.0
632.0,COMMON,51.999,-67.5125,113.3659,3.0
646.0,RETURN,51.9967,-67.5152,113.3624,3.0
646.0,FLIP,52.0,-67.5114,113.0579,3.0
658.0,RETURN,51.9151,-67.6097,113.2708,3.0
658.0,FLIP,52.0,-67.5114,113.6826,3.0
670.0,RETURN,51.6295,-67.9402,112.949,3.0
670.0,FLIP,52.0,-67.5114,114.0,3.0
682.0,RETURN,51.0436,-68.6174,112.2836,3.0
682.0,FLIP,53.3451,-62.5872,114.4484,3.0
694.0,RETURN,50.091,-69.7152,111.1871,3.0
694.0,FLIP,56.9051,-49.5282,115.635,3.0
706.0,RETURN,48.7327,-71.2735,109.5921,3.0
706.0,FLIP,58.0016,-45.4994,116.0007,3.0
718.0,RETURN,46.9542,-73.2999,107.448,3.0
718.0,FLIP,59.8854,-37.9012,116.808,3.0
730.0,RETURN,44.7628,-75.7723,104.72,3.0
730.0,FLIP,63.9871,-21.3489,118.5659,3.0
742.0,RETURN,42.1848,-78.6417,101.3904,3.0
742.0,FLIP,65.0151,-17.2172,119.0035,6.0
754.0,RETURN,39.2625,-81.8362,97.4615,3.0
754.0,FLIP,68.0572,-8.2577,119.7055,6.0
766.0,RETURN,36.0517,-85.2652,92.9592,3.0
766.0,FLIP,74.9428,11.9398,121.2945,6.0
778.0,RETURN,32.6191,-88.8257,87.9362,3.0
778.0,FLIP,77.9849,20.8041,121.9965,6.0
790.0,RETURN,29.0389,-92.4099,82.474,3.0
790.0,FLIP,79.1358,23.6262,122.1065,6.0
802.0,RETURN,25.3907,-95.9119,76.6821,3.0
802.0,FLIP,86.3712,41.1274,122.7848,6.0
814.0,RETURN,21.7561,-99.2359,70.6954,3.0
814.0,FLIP,97.9528,68.1914,123.8706,6.0
826.0,RETURN,18.2165,-102.3021,64.6677,3.0
826.0,FLIP,107.2248,88.7346,124.7398,6.0
838.0,RETURN,14.8499,-105.0511,58.7639,3.0
838.0,FLIP,109.9887,94.6279,124.9989,6.0
850.0,RETURN,11.7284,-107.4459,53.1498,3.0
850.0,FLIP,115.0646,100.8143,119.0672,6.0
862.0,RETURN,8.9152,-109.471,47.9818,3.0
862.0,FLIP,135.5729,121.239,95.0431,6.0
874.0,RETURN,6.4621,-111.1299,43.3965,3.0
874.0,FLIP,144.9922,127.9252,84.0092,6.0
886.0,RETURN,4.4063,-112.441,39.5007,3.0
886.0,FLIP,148.421,128.74,78.8196,6.0
898.0,RETURN,2.7681,-113.4329,36.3634,3.0
898.0,FLIP,163.2289,129.4762,56.3962,6.0
910.0,RETURN,1.5478,-114.1408,34.0083,3.0
910.0,FLIP,177.3256,126.0755,35.0498,6.0
922.0,RETURN,0.723,-114.604,32.4082,3.0
922.0,FLIP,180.0,125.0,31.0,6.0
934.0,RETURN,0.246,-114.8663,31.4797,3.0
934.0,FLIP,180.0,125.0,31.0,6.0
946.0,RETURN,0.0407,-114.9779,31.0795,3.0
946.0,FLIP,180.0,125.0,31.0,6.0
958.0,RETURN,0.0001,-114.9999,31.0002,3.0
958.0,FLIP,180.0,125.0,31.0,6.0
972.0,EXIT,0.0,-115.0,31.0,3.0
984.0,EXIT,0.0,-115.0,31.0,3.0
996.0,EXIT,0.0,-115.0,31.0,3.0
1008.0,EXIT,0.0,-115.0,31.0,3.0
1020.0,EXIT,0.0,-115.0,31.0,3.0
1032.0,EXIT,0.0,-115.0,31.0,3.0
